{
    "rmse": 0.7213401347443279,
    "mae": 0.5736854489352805,
    "r2": 0.2388292169245767
}