{
    "rmse": 0.7477295967820724,
    "mae": 0.5895322741402098,
    "r2": 0.23247395573936802
}