{
    "rmse": 0.6771148754987573,
    "mae": 0.5458244972945547,
    "r2": 0.2973416787406933
}